id,amazon_order_id
1,111-7379645-6907451
2,114-9708797-9817008
3,112-5001889-0781862
4,114-7274171-5085030
5,112-0270924-3941064
6,112-6835117-4933813
7,112-6835117-4933813
8,114-3700319-4249800
9,112-9649042-6967451
10,113-9294671-7859430
11,113-9281428-4123446
12,113-2069015-9822665
13,113-2069015-9822665
14,112-5866486-8589040
15,114-2834136-0227400
16,111-1017696-9471461
17,114-3096656-2941836
18,114-9733467-2932204
19,112-3075524-4122641
20,114-4658486-1193860
21,111-8375774-6945806
22,114-1227859-6413024
23,114-6943992-1721836
24,114-2615386-9833869
25,113-7315062-2643431
26,111-5959623-7817003
27,112-5274599-4657037
28,114-7664680-4173044
29,112-3191654-4343420
30,113-9826736-9105014
31,111-3964255-8802627
32,111-3509836-6457061
33,112-0864653-8745032
34,113-3321718-7757812
35,111-6948052-9609021
36,112-4109410-8896225
37,113-2929455-0113057
38,111-5395134-9586649
39,112-0251828-7489000
40,114-7307875-4170632
41,114-2011975-6290612
42,113-5796110-4425053
43,111-6379065-5814603
44,112-1064835-4374611
45,111-9506498-5799413
46,112-3029724-1393055
47,112-6862293-6795448
48,111-0057086-2186667
49,114-3013039-6725867
50,111-0421829-6605003
51,114-1474102-8992205
52,113-6729982-1591456
53,114-0166143-8932238
54,114-3011596-4324227
55,114-7628259-2045028
56,113-9125027-1625808
57,114-3074615-7465031
58,114-4127941-6537850
59,114-3702070-8448224
60,112-8972335-8683436
61,114-6423903-0586669
62,112-3496323-8506647
63,113-3089192-5141022
64,113-3322573-8593847
65,114-1773165-7563440
66,111-9395073-6672258
67,112-9867722-3023403
68,114-1681817-7004216
69,111-4235542-9736201
70,113-2793660-5344243
71,111-3471860-5069813
72,111-1424061-9580217
73,114-4871627-5985026
74,114-7290450-8562626
75,113-4437362-8197822
76,111-6680068-8737818
77,113-6434858-6688229
78,113-9118997-3997036
79,114-4804725-8593063
80,112-5112150-5231443
81,113-3197594-2129813
82,111-1603660-3272254
